filename,xmin,ymin,xmax,ymax
image_0001.jpg,51.99568939208984,27.65694046020508,342.8664855957031,130.35821533203125
image_0002.jpg,56.24420166015625,34.28004455566406,342.0914611816406,150.25567626953125
image_0003.jpg,51.005672454833984,37.0872802734375,323.9126281738281,131.8690185546875
image_0004.jpg,52.87024688720703,41.94083023071289,388.0250854492188,136.53329467773438
image_0005.jpg,63.02284240722656,18.80728530883789,338.2276916503906,144.13905334472656
image_0006.jpg,47.92888641357422,23.17851829528809,337.97540283203125,123.67757415771484
image_0007.jpg,47.2454833984375,22.94571876525879,339.52032470703125,118.85089874267578
image_0007.jpg,48.47553253173828,62.00541687011719,343.0632019042969,119.48067474365234
image_0008.jpg,47.81700134277344,31.518733978271484,371.48577880859375,118.58283996582033
image_0009.jpg,50.598052978515625,33.62848663330078,335.4230651855469,135.6064453125
image_0010.jpg,39.99767303466797,35.32108688354492,335.1788024902344,103.62821197509766
image_0011.jpg,58.27046203613281,60.56538772583008,191.6691436767578,119.60257720947266
image_0011.jpg,56.9080810546875,35.15468215942383,377.5262451171875,127.96148681640624
image_0012.jpg,51.117713928222656,25.40947151184082,341.6965637207031,120.26206970214844
image_0013.jpg,49.30018997192383,33.86470413208008,335.5289306640625,141.66506958007812
image_0014.jpg,54.93326568603516,38.43959426879883,339.1041259765625,119.76595306396484
image_0015.jpg,54.63468551635742,40.63721084594727,342.5447082519531,160.6864013671875
image_0016.jpg,54.59543991088867,55.54096603393555,357.8806457519531,133.3737030029297
image_0017.jpg,58.89672470092773,34.597652435302734,342.3372802734375,141.1155548095703
image_0018.jpg,55.68309020996094,31.81746482849121,348.859619140625,143.5826416015625
image_0019.jpg,46.49964141845703,32.59759521484375,336.63946533203125,144.86563110351562
image_0020.jpg,42.88620376586914,31.792631149291992,344.79693603515625,161.22915649414062
image_0021.jpg,48.99003219604492,28.82139587402344,344.85821533203125,127.42469024658205
image_0023.jpg,71.5789794921875,33.93460464477539,339.67596435546875,118.34178161621094
image_0024.jpg,50.23680114746094,26.399703979492188,335.1037902832031,101.17769622802734
image_0025.jpg,54.10575866699219,31.73274803161621,341.40087890625,138.4087677001953
image_0026.jpg,44.950809478759766,29.47935104370117,338.4219055175781,124.68737030029295
image_0027.jpg,58.06700897216797,25.791034698486328,341.83837890625,121.60791015625
image_0028.jpg,51.396461486816406,27.392438888549805,363.4270935058594,110.89663696289062
image_0029.jpg,35.57486343383789,28.354171752929688,354.31805419921875,116.7265396118164
image_0030.jpg,44.26700973510742,28.82891845703125,322.8104858398437,156.59005737304688
image_0031.jpg,60.67866134643555,40.86734390258789,345.95361328125,195.4459686279297
image_0032.jpg,56.73543548583984,30.018104553222656,341.3888854980469,116.43206024169922
image_0033.jpg,50.09347915649414,29.424428939819336,340.8323059082031,128.590087890625
image_0034.jpg,65.96502685546875,35.4445686340332,339.8965148925781,117.58550262451172
image_0035.jpg,51.07286834716797,7.7741618156433105,331.9443054199219,123.00147247314452
image_0036.jpg,56.15532684326172,4.797884941101074,338.3562316894531,161.9036407470703
image_0037.jpg,52.94415664672852,30.88175392150879,343.4742736816406,136.33880615234375
image_0038.jpg,46.61894226074219,4.74506139755249,347.6903381347656,103.63821411132812
image_0039.jpg,44.38105773925781,21.59458541870117,341.5039367675781,144.1824493408203
image_0040.jpg,54.50178909301758,30.07219886779785,345.78436279296875,136.67808532714844
image_0041.jpg,44.2658805847168,19.27303695678711,357.84588623046875,135.9432373046875
image_0042.jpg,74.81721496582031,48.54265594482422,339.0127868652344,151.28530883789062
image_0043.jpg,60.993534088134766,42.08324813842773,332.11407470703125,113.34593200683594
image_0044.jpg,54.9039421081543,31.940296173095703,334.77203369140625,128.41688537597656
image_0045.jpg,44.45396423339844,32.86969757080078,387.3363037109375,159.1886444091797
image_0046.jpg,125.0741958618164,24.77627182006836,345.7973937988281,141.8484344482422
image_0047.jpg,59.30236053466797,27.59930229187012,334.48492431640625,146.9231414794922
image_0048.jpg,53.12398147583008,33.165809631347656,332.73291015625,122.37244415283205
image_0049.jpg,58.608673095703125,39.73133850097656,342.9910888671875,172.3003692626953
image_0050.jpg,75.29080200195312,40.410118103027344,337.8221130371094,124.7956314086914
image_0051.jpg,50.96669387817383,32.844825744628906,344.2865905761719,155.71221923828125
image_0052.jpg,54.95976638793945,25.34482192993164,343.7052001953125,138.8878936767578
image_0053.jpg,55.82134628295898,40.93951416015625,339.3001403808594,135.1691131591797
image_0054.jpg,63.37229537963867,43.63087844848633,321.3235168457031,167.5178985595703
image_0055.jpg,52.18040084838867,28.16704559326172,333.7509765625,112.22820281982422
image_0056.jpg,71.89350891113281,30.77682304382324,324.66259765625,112.25704956054688
image_0057.jpg,44.33454513549805,25.237253189086918,335.4430236816406,138.69085693359375
image_0058.jpg,87.99365997314453,50.46052932739258,334.4689025878906,141.6069793701172
image_0059.jpg,52.29588317871094,6.5862812995910645,334.5483093261719,173.69419860839844
image_0060.jpg,56.2369270324707,16.593374252319336,336.9100952148437,125.79431915283205
image_0061.jpg,45.16395568847656,44.81551361083984,337.5003967285156,119.7193832397461
image_0062.jpg,53.9540901184082,42.887088775634766,341.5384826660156,125.20782470703124
image_0063.jpg,61.95540237426758,21.01353454589844,339.3553771972656,123.57510375976562
image_0064.jpg,54.06998062133789,46.788665771484375,336.9797668457031,135.80545043945312
image_0065.jpg,49.31045150756836,29.58763694763184,343.2132873535156,100.75711822509766
image_0066.jpg,49.94968795776367,39.5913200378418,339.4491577148437,108.76109313964844
image_0067.jpg,46.18163299560547,27.5638484954834,340.510498046875,147.86700439453125
image_0068.jpg,51.47919464111328,29.91135597229004,332.68670654296875,142.47962951660156
image_0069.jpg,50.63248062133789,34.52104949951172,389.9368286132813,142.62600708007812
image_0070.jpg,52.58756637573242,35.834693908691406,333.0826721191406,152.38320922851562
image_0071.jpg,58.616729736328125,39.148284912109375,356.68780517578125,147.57659912109375
image_0072.jpg,57.438236236572266,78.57830810546875,356.6736755371094,170.903076171875
image_0073.jpg,54.10340118408203,29.60850715637207,344.3786315917969,109.82073974609376
image_0075.jpg,65.35064697265625,31.540218353271484,359.3285827636719,110.4852294921875
image_0076.jpg,68.42794036865234,33.26430892944336,341.8229675292969,145.22093200683594
image_0077.jpg,49.02459335327149,24.29368782043457,344.3346862792969,130.31370544433594
image_0078.jpg,51.10329818725586,23.97776222229004,336.10797119140625,155.4246368408203
image_0079.jpg,58.96834182739258,20.170249938964844,336.4355773925781,126.53733825683594
image_0080.jpg,53.881378173828125,32.49823760986328,333.47296142578125,136.0820770263672
image_0081.jpg,61.20490264892578,29.00619125366211,334.42626953125,119.6129379272461
image_0082.jpg,50.1972885131836,39.92649841308594,343.6882019042969,135.6329345703125
image_0083.jpg,54.254539489746094,16.323802947998047,339.529541015625,145.24069213867188
image_0084.jpg,57.909915924072266,23.8691349029541,348.89483642578125,142.2596435546875
image_0085.jpg,47.80405044555664,15.510573387145996,342.91290283203125,139.77090454101562
image_0086.jpg,48.59914016723633,31.25727653503418,344.8482360839844,107.41246795654295
image_0087.jpg,59.66811752319336,18.509418487548828,336.9415588378906,147.0067901611328
image_0088.jpg,0.9466338753700256,30.09630584716797,356.4010009765625,148.3745574951172
image_0089.jpg,46.71511459350586,8.029273986816406,347.8651733398437,150.7781524658203
image_0090.jpg,46.495079040527344,32.62194061279297,350.5552673339844,160.92945861816406
image_0091.jpg,41.75655364990234,29.02503776550293,332.5927429199219,144.06825256347656
image_0092.jpg,59.96846771240234,32.677913665771484,341.0267944335937,153.53387451171875
image_0093.jpg,45.18797302246094,29.88654899597168,330.1821594238281,102.93035125732422
image_0094.jpg,70.99974822998047,25.20479965209961,342.2678527832031,112.33274841308594
image_0095.jpg,51.833126068115234,24.918285369873047,344.6094055175781,124.96331024169922
image_0096.jpg,51.06853103637695,43.09819793701172,336.9394836425781,137.91697692871094
image_0097.jpg,56.08470153808594,35.75235748291016,341.8336486816406,154.16197204589844
image_0099.jpg,94.72169494628906,33.33675003051758,341.9618530273437,159.294189453125
image_0100.jpg,44.59145736694336,9.118438720703123,340.6644897460937,163.35072326660156
image_0101.jpg,38.38470458984375,5.716722011566162,349.9024353027344,161.6005401611328
image_0102.jpg,50.68156814575195,26.07371711730957,340.3234558105469,105.13394927978516
image_0102.jpg,60.86280059814453,49.080223083496094,343.492431640625,105.75082397460938
image_0103.jpg,49.50375747680664,28.584352493286133,339.0318603515625,105.60616302490234
image_0104.jpg,49.07479095458984,15.784638404846191,345.678466796875,179.36915588378906
image_0105.jpg,51.47795104980469,24.550678253173828,349.34014892578125,164.578857421875
image_0106.jpg,47.71327972412109,33.22663879394531,352.366943359375,146.76959228515625
image_0107.jpg,52.31963348388672,55.2338981628418,341.9410095214844,145.21151733398438
image_0108.jpg,47.43801498413086,45.19622802734375,350.8300170898437,126.576904296875
image_0109.jpg,51.27510452270508,38.65687942504883,343.8633728027344,123.97866821289062
image_0110.jpg,38.91509628295898,16.3990535736084,345.2076110839844,135.35633850097656
image_0111.jpg,58.1313705444336,35.89897155761719,339.5320129394531,114.50796508789062
image_0112.jpg,70.25220489501953,24.08264923095703,337.2198486328125,136.2155303955078
image_0113.jpg,48.45052337646485,27.927709579467773,346.9913635253906,120.89225769042967
image_0114.jpg,50.24401092529297,40.153846740722656,334.479248046875,153.91851806640625
image_0115.jpg,49.21678924560547,37.51163864135742,330.0432434082031,146.55465698242188
image_0116.jpg,49.79952239990234,35.42103958129883,346.1951904296875,137.2428741455078
image_0117.jpg,36.38264846801758,27.30207252502441,342.3074645996094,138.00076293945312
image_0118.jpg,49.5844955444336,33.68024826049805,347.5727844238281,129.2400360107422
image_0120.jpg,38.51724243164063,30.925172805786133,344.0831604003906,133.12611389160156
image_0121.jpg,33.36341857910156,31.58168029785156,345.0792541503906,152.76702880859375
image_0122.jpg,52.64348220825195,30.100807189941406,362.1916198730469,136.28292846679688
image_0122.jpg,274.7568359375,0.7233370542526245,413.6333923339844,52.80440521240234
image_0122.jpg,0.0,43.21601104736328,88.45818328857422,75.84748077392578
image_0123.jpg,55.96160507202149,33.30707931518555,348.9210510253906,122.99357604980467
image_0124.jpg,50.24881362915039,32.7640266418457,345.98638916015625,115.41567993164062
image_0125.jpg,47.37276077270508,36.633399963378906,347.7195129394531,113.22795104980467
image_0126.jpg,48.69366455078125,36.49419403076172,344.54571533203125,111.2115249633789
image_0127.jpg,57.40713882446289,29.784259796142575,343.37164306640625,123.82758331298828
image_0128.jpg,59.40562057495117,27.73567008972168,350.4603881835937,119.1698760986328
image_0129.jpg,65.1134033203125,39.93421936035156,361.1714477539063,130.0776824951172
image_0130.jpg,43.54735565185547,29.67239761352539,336.50341796875,113.62869262695312
image_0131.jpg,62.705543518066406,32.510589599609375,383.7486572265625,134.49102783203125
image_0132.jpg,42.53413009643555,33.1802978515625,337.0979309082031,106.83004760742188
image_0132.jpg,276.7398681640625,0.3680473864078522,323.60626220703125,38.47585678100586
image_0132.jpg,276.3735656738281,0.0714051723480224,370.6441040039063,38.43112564086914
image_0133.jpg,54.15501403808594,64.40110778808594,329.830810546875,134.85032653808594
image_0134.jpg,44.301666259765625,27.96058654785156,341.38189697265625,96.4550323486328
image_0135.jpg,68.16084289550781,54.37349319458008,351.24285888671875,138.15139770507812
image_0136.jpg,31.211013793945312,28.346099853515625,345.4882507324219,130.72640991210938
image_0137.jpg,57.36545181274414,26.90958595275879,346.0311584472656,90.5700912475586
image_0138.jpg,41.16583251953125,23.709136962890625,351.2990417480469,91.66651153564452
image_0138.jpg,190.0788116455078,23.28201103210449,318.1517639160156,52.73710250854492
image_0139.jpg,44.54169464111328,22.87074851989746,350.56365966796875,95.95325469970705
image_0140.jpg,44.75410461425781,23.486053466796875,338.7465515136719,91.54857635498048
image_0141.jpg,62.49800491333008,34.54145431518555,342.68853759765625,132.69378662109375
image_0142.jpg,46.51652908325195,34.04639434814453,340.7375183105469,144.4809112548828
image_0142.jpg,257.6562805175781,24.660202026367188,347.79058837890625,63.18153762817383
image_0142.jpg,143.98297119140625,0.0,298.38165283203125,49.140438079833984
image_0143.jpg,56.66481018066406,32.15690994262695,374.9024658203125,127.9239501953125
image_0143.jpg,108.44011688232422,0.0,317.7576904296875,52.556270599365234
image_0143.jpg,262.90582275390625,0.0,404.9776916503906,37.03060531616211
image_0144.jpg,41.8236083984375,28.718807220458984,333.5127258300781,125.05105590820312
image_0144.jpg,47.102874755859375,29.19231986999512,303.0311279296875,105.39132690429688
image_0145.jpg,69.69673919677734,58.83852767944336,334.2973022460937,140.4210968017578
image_0146.jpg,60.518836975097656,32.03948211669922,347.9065246582031,126.17131042480467
image_0147.jpg,48.88926696777344,29.336633682250977,336.2505798339844,117.77172088623048
image_0148.jpg,60.16326904296875,34.3857536315918,339.1974182128906,120.4476318359375
image_0150.jpg,53.450958251953125,27.954740524291992,345.2260131835937,90.94115447998048
image_0151.jpg,45.72332382202149,35.79252243041992,383.3719787597656,88.26008605957031
image_0152.jpg,61.87155151367188,56.90968322753906,339.36376953125,126.40641784667967
image_0153.jpg,25.344751358032227,21.59002685546875,344.3993225097656,139.5104522705078
image_0153.jpg,10.406050682067873,14.90902614593506,164.92498779296875,69.98974609375
image_0154.jpg,238.5832977294922,0.0,356.7891845703125,39.820919036865234
image_0154.jpg,135.49293518066406,68.9833755493164,340.45361328125,108.19062042236328
image_0155.jpg,50.104827880859375,30.80851554870605,344.7062683105469,124.39332580566406
image_0156.jpg,109.0299835205078,61.5073471069336,335.7252502441406,101.5231704711914
image_0156.jpg,55.0112190246582,27.20101356506348,221.4840087890625,100.41554260253906
image_0156.jpg,55.09959411621094,25.90290641784668,329.8343811035156,100.67369079589844
image_0157.jpg,50.017539978027344,23.857946395874023,334.1756591796875,101.68209838867188
image_0157.jpg,65.0882568359375,59.51346969604492,342.741455078125,102.90673828125
image_0158.jpg,53.82713317871094,18.141889572143555,355.1807861328125,109.55653381347656
image_0159.jpg,59.2432861328125,35.60458755493164,341.6573486328125,175.43772888183594
image_0160.jpg,47.49068069458008,30.35796356201172,341.6885070800781,133.55239868164062
image_0161.jpg,49.3968505859375,30.79847717285156,358.0903015136719,98.39928436279295
image_0162.jpg,59.35933303833008,30.706737518310547,343.3287353515625,118.15364837646484
image_0163.jpg,49.39315032958984,33.875362396240234,338.6482238769531,90.8313446044922
image_0164.jpg,24.337194442749023,39.59770584106445,345.3329772949219,138.3858642578125
image_0164.jpg,19.171161651611328,9.747594833374023,142.72120666503906,30.44939613342285
image_0165.jpg,58.087650299072266,34.35310745239258,338.7752990722656,109.65909576416016
image_0166.jpg,63.9107666015625,37.10552597045898,356.5850524902344,119.56937408447266
image_0167.jpg,47.392120361328125,26.40561294555664,336.2305908203125,110.73030853271484
image_0168.jpg,56.49206161499024,34.91983413696289,346.6615600585937,126.82679748535156
image_0168.jpg,217.52622985839844,36.52077865600586,253.39573669433597,69.66055297851562
image_0169.jpg,44.230506896972656,32.42616653442383,368.4360046386719,111.47654724121094
image_0169.jpg,208.43507385253903,10.70495319366455,410.8818359375,58.413612365722656
image_0169.jpg,207.7666931152344,12.702933311462402,351.2445678710937,57.86891174316406
image_0170.jpg,45.04896545410156,23.826913833618164,345.7518615722656,114.13819885253906
image_0171.jpg,44.18994140625,40.26604080200195,338.7083740234375,105.98382568359376
image_0172.jpg,65.71728515625,41.20964431762695,356.992919921875,155.0466766357422
image_0173.jpg,192.73472595214844,36.86384582519531,274.1573791503906,71.67052459716797
image_0173.jpg,51.05499267578125,27.474023818969727,137.13526916503906,72.09075927734375
image_0173.jpg,120.2696304321289,34.118934631347656,274.9239807128906,72.94229125976562
image_0173.jpg,52.272438049316406,68.05364990234375,350.0849304199219,113.34134674072266
image_0174.jpg,43.983734130859375,28.049644470214844,336.2229309082031,134.98715209960938
image_0175.jpg,53.56962585449219,63.37923812866211,336.04217529296875,141.58416748046875
image_0176.jpg,47.95109939575195,28.486310958862305,338.52423095703125,120.1806411743164
image_0176.jpg,46.45885848999024,88.02320098876953,208.4307098388672,132.99057006835938
image_0176.jpg,58.84788513183594,29.27628898620605,135.03897094726562,80.22369384765625
image_0177.jpg,54.14395523071289,33.19462203979492,342.8847961425781,115.27191925048828
image_0178.jpg,52.31193161010742,30.72602844238281,344.4961853027344,156.5279083251953
image_0179.jpg,56.07453918457031,30.497882843017575,344.68670654296875,139.90185546875
image_0180.jpg,53.33841323852539,30.062480926513672,334.70416259765625,111.21717071533205
image_0181.jpg,50.97648620605469,28.38604736328125,342.47967529296875,123.2481918334961
image_0181.jpg,74.44800567626953,76.581787109375,355.6537475585937,123.3614501953125
image_0182.jpg,38.740753173828125,29.213703155517575,341.3695983886719,106.6844482421875
image_0182.jpg,165.3482208251953,8.101326942443848,274.63885498046875,36.527931213378906
image_0182.jpg,164.8223419189453,14.26604175567627,257.6759033203125,37.33137130737305
image_0183.jpg,45.02678680419922,24.762149810791016,339.975830078125,109.89866638183594
image_0183.jpg,38.61572265625,61.72840118408203,135.8260498046875,105.16873931884766
image_0184.jpg,50.16404724121094,27.84210968017578,352.51416015625,110.04357147216795
image_0185.jpg,68.52195739746094,28.13404655456543,340.6589660644531,111.51526641845705
image_0186.jpg,53.9522705078125,31.78730583190918,339.18170166015625,146.58116149902344
image_0187.jpg,53.709957122802734,32.47132110595703,346.49920654296875,125.01412200927734
image_0188.jpg,49.918556213378906,25.79880714416504,341.1257019042969,106.62451171875
image_0188.jpg,149.4078826904297,35.399654388427734,225.60824584960935,61.17624282836914
image_0189.jpg,49.73323822021485,30.443811416625977,340.31988525390625,130.46133422851562
image_0190.jpg,52.45869827270508,34.23572540283203,343.1507263183594,117.07176971435548
image_0190.jpg,140.10595703125,32.74003219604492,247.0977783203125,61.895626068115234
image_0191.jpg,36.78024673461914,28.40011215209961,340.9027709960937,118.4481201171875
image_0192.jpg,52.21284103393555,24.02898597717285,339.2247009277344,102.53990173339844
image_0192.jpg,68.93582153320312,63.1373405456543,341.6139831542969,100.74919891357422
image_0193.jpg,57.17657852172852,27.102685928344727,341.7952575683594,131.81228637695312
image_0194.jpg,59.36883163452149,61.993919372558594,338.08917236328125,130.13467407226562
image_0195.jpg,50.0599479675293,33.992767333984375,344.919189453125,103.87422943115234
image_0195.jpg,53.05754470825195,34.255836486816406,227.1607208251953,102.7604751586914
image_0195.jpg,269.2369384765625,2.2959301471710205,358.1650695800781,43.75877380371094
image_0196.jpg,49.6900749206543,29.24552726745605,336.4964599609375,129.50848388671875
image_0197.jpg,47.99488067626953,25.12485122680664,340.5409545898437,107.6275863647461
image_0198.jpg,49.57764434814453,28.12189483642578,342.6664733886719,139.2659912109375
image_0199.jpg,78.84281921386719,41.671180725097656,352.62078857421875,149.9993438720703
image_0200.jpg,54.5274543762207,31.188304901123047,346.1750183105469,130.95162963867188
image_0201.jpg,50.06458282470703,35.669029235839844,340.2255249023437,117.76661682128906
image_0202.jpg,45.25476837158203,23.984100341796875,329.06353759765625,89.93817901611328
image_0203.jpg,39.8787727355957,31.72866439819336,342.3047180175781,140.87081909179688
image_0203.jpg,167.9583740234375,0.5774761438369751,313.5721740722656,59.592864990234375
image_0204.jpg,51.7922248840332,34.491512298583984,335.11383056640625,126.38978576660156
image_0204.jpg,126.72594451904295,20.745153427124023,227.6615753173828,55.7984733581543
image_0205.jpg,49.06486129760742,46.34741973876953,346.7177429199219,132.36065673828125
image_0206.jpg,49.38012313842773,34.271026611328125,342.334716796875,129.52883911132812
image_0207.jpg,49.66842651367188,33.5726432800293,342.33984375,145.23086547851562
image_0208.jpg,65.1051025390625,47.16143035888672,339.7805480957031,186.53086853027344
image_0209.jpg,58.3668212890625,40.70353698730469,342.0858764648437,155.53102111816406
image_0210.jpg,67.49676513671875,38.30512619018555,341.5556030273437,185.62722778320312
image_0211.jpg,66.35516357421875,36.75004959106445,346.5329284667969,138.1666259765625
image_0212.jpg,62.91236877441406,44.94580459594727,344.9570007324219,159.50323486328125
image_0213.jpg,43.97666549682617,29.43889617919922,356.0462951660156,145.01504516601562
image_0214.jpg,57.47936630249024,55.44013977050781,342.33599853515625,102.36798858642578
image_0214.jpg,48.49927520751953,31.695087432861328,142.11891174316406,55.44379806518555
image_0215.jpg,47.95366668701172,26.97456741333008,345.5907897949219,111.75862884521484
image_0216.jpg,66.39171600341797,37.07258987426758,345.7599182128906,131.1339874267578
image_0217.jpg,38.038818359375,33.35636138916016,341.904541015625,136.666259765625
image_0218.jpg,43.96831893920898,29.36258125305176,355.67352294921875,112.91058349609376
image_0219.jpg,41.06624221801758,38.73402786254883,348.0434875488281,128.25450134277344
image_0219.jpg,223.95721435546875,20.2116813659668,383.1376953125,88.49414825439453
image_0220.jpg,51.20745849609375,24.078086853027344,341.508544921875,94.53069305419922
image_0221.jpg,56.71844100952149,40.45727157592773,343.4046630859375,143.7654266357422
image_0222.jpg,35.89616394042969,38.80782699584961,345.0321960449219,157.68695068359375
image_0223.jpg,26.59168243408203,30.066436767578125,341.6877746582031,135.7624969482422
image_0224.jpg,39.761627197265625,15.153766632080078,341.3492126464844,125.68734741210938
image_0224.jpg,179.97430419921875,17.419843673706055,378.8056640625,80.80814361572266
image_0224.jpg,36.1151237487793,16.18286895751953,120.8645248413086,85.08920288085938
image_0224.jpg,160.0843963623047,80.89737701416016,344.5400695800781,123.26419067382812
image_0225.jpg,50.05418014526367,33.385780334472656,344.0411376953125,109.74427795410156
image_0226.jpg,50.159481048583984,42.62511444091797,341.4091796875,120.82058715820312
image_0226.jpg,47.08478164672852,10.43629264831543,160.26983642578125,51.20034408569336
image_0227.jpg,37.79315185546875,34.03975296020508,343.9359130859375,132.78582763671875
image_0228.jpg,51.57399368286133,27.830005645751957,348.4791259765625,92.64771270751952
image_0229.jpg,44.1362419128418,36.12009811401367,341.6445007324219,143.0216522216797
image_0230.jpg,62.79339218139648,70.60169982910156,349.6848449707031,132.1118927001953
image_0231.jpg,77.81842041015625,72.41082763671875,345.56756591796875,137.11367797851562
image_0232.jpg,60.16104507446289,33.36476516723633,361.9458312988281,96.67444610595705
image_0233.jpg,54.00141525268555,31.90951919555664,344.8383178710937,132.39450073242188
image_0234.jpg,45.71519470214844,28.30776596069336,344.2393798828125,139.00367736816406
image_0235.jpg,48.71474838256836,37.2158088684082,399.219482421875,132.66835021972656
image_0235.jpg,56.27881240844727,37.556602478027344,133.81394958496094,96.85282135009766
image_0236.jpg,31.603471755981445,33.91987609863281,347.7378845214844,135.7294464111328
image_0237.jpg,22.686573028564453,37.36412811279297,350.833251953125,137.48777770996094
image_0237.jpg,0.1051041111350059,40.67802429199219,82.98165130615234,140.3774871826172
image_0238.jpg,18.56195068359375,36.96680450439453,348.8886108398437,143.54254150390625
image_0239.jpg,69.60403442382812,38.08184814453125,354.5882568359375,145.71249389648438
image_0240.jpg,58.21417236328125,28.4998722076416,346.4724426269531,123.36937713623048
image_0241.jpg,16.380126953125,29.46025276184082,344.9510192871094,140.0594482421875
image_0242.jpg,50.5920295715332,36.71933364868164,341.0895080566406,110.32425689697266
image_0243.jpg,30.757064819335938,34.12175369262695,348.3547668457031,134.4223175048828
image_0244.jpg,39.90069580078125,31.54435539245605,333.50311279296875,140.0702362060547
image_0244.jpg,45.86990737915039,74.45940399169922,333.78643798828125,140.5234832763672
image_0245.jpg,82.07749938964844,55.732547760009766,366.525146484375,169.2620086669922
image_0246.jpg,46.10325622558594,25.230884552001957,340.6619873046875,134.00604248046875
image_0247.jpg,72.16999816894531,20.159278869628903,351.3794250488281,91.42189025878906
image_0248.jpg,55.24006652832031,23.85775375366211,330.4071655273437,137.36703491210938
image_0249.jpg,60.8825798034668,44.58063507080078,343.5474548339844,128.9986114501953
image_0250.jpg,74.36084747314453,32.344173431396484,336.6089782714844,146.32591247558594
image_0251.jpg,61.68283462524414,38.39638137817383,335.9422607421875,110.4250717163086
image_0252.jpg,58.36936950683594,53.81036376953125,351.935791015625,131.95669555664062
image_0255.jpg,63.72960662841797,44.03579711914063,328.718505859375,114.0658187866211
image_0256.jpg,83.00457000732422,62.1341438293457,350.694091796875,153.2249755859375
image_0256.jpg,80.9476547241211,0.0,357.73980712890625,154.42359924316406
image_0257.jpg,61.63150787353516,26.808507919311523,335.4165344238281,110.1792221069336
image_0258.jpg,116.15119934082033,2.3543434143066406,290.0893859863281,63.16360092163086
image_0258.jpg,46.07343292236328,27.699851989746094,329.57012939453125,142.9117889404297
image_0258.jpg,169.63140869140625,1.246154546737671,286.3291320800781,22.29464340209961
image_0259.jpg,69.38971710205078,35.3612174987793,350.5422058105469,125.48462677001952
image_0260.jpg,94.76316833496094,54.73359680175781,355.25152587890625,115.75621032714844
image_0261.jpg,44.06856536865234,1.4291802644729614,325.0017395019531,151.56480407714844
image_0261.jpg,54.75278091430664,36.22988510131836,160.58645629882812,137.5299530029297
image_0263.jpg,88.5257797241211,81.27485656738281,344.568115234375,192.14944458007807
image_0263.jpg,6.734682559967041,7.647791385650635,199.2931060791016,86.45381164550781
image_0264.jpg,51.20364761352539,34.894927978515625,333.8935852050781,114.0231475830078
image_0265.jpg,43.71105194091797,73.45747375488281,291.8013916015625,278.0971069335937
image_0266.jpg,69.73889923095703,66.59056854248047,350.49365234375,184.56222534179688
image_0267.jpg,75.75365447998047,88.27108001708984,348.3990173339844,179.96044921875
image_0267.jpg,164.085693359375,150.15814208984375,224.2475433349609,181.2972869873047
image_0268.jpg,55.51387023925781,34.08522033691406,351.2962646484375,129.6261749267578
image_0269.jpg,72.72093200683594,39.54427719116211,351.459228515625,138.75384521484375
image_0270.jpg,63.05424499511719,37.90480041503906,348.002197265625,129.6631622314453
image_0271.jpg,61.24541091918945,33.1470947265625,345.3627319335937,120.79828643798828
image_0272.jpg,54.009857177734375,35.36491012573242,357.8377380371094,130.10269165039062
image_0273.jpg,46.86592483520508,15.517415046691896,339.26519775390625,122.4465103149414
image_0273.jpg,143.11952209472656,15.754210472106934,240.636474609375,68.44448852539062
image_0274.jpg,55.7293701171875,33.452049255371094,352.7918395996094,128.96107482910156
image_0275.jpg,53.33544158935547,25.82765007019043,336.0068359375,92.7419891357422
image_0276.jpg,39.11858367919922,24.073143005371094,338.6573791503906,101.96965026855467
image_0277.jpg,52.8950424194336,33.23904037475586,336.753662109375,151.19125366210938
image_0278.jpg,50.00685119628906,35.47554016113281,353.09197998046875,147.95838928222656
image_0279.jpg,43.2366943359375,30.03860092163086,345.21142578125,129.6844482421875
image_0280.jpg,47.713470458984375,39.81609344482422,342.08038330078125,136.028076171875
image_0281.jpg,49.3529052734375,28.26595497131348,342.4139709472656,132.4805450439453
image_0282.jpg,47.6817512512207,26.501012802124023,348.2904052734375,113.07280731201172
image_0283.jpg,60.2553825378418,30.319807052612305,346.7796325683594,89.3243179321289
image_0284.jpg,59.49444580078125,35.52391052246094,355.1678466796875,132.95761108398438
image_0285.jpg,62.329959869384766,32.41697692871094,348.8930358886719,125.28038024902344
image_0286.jpg,54.79713821411133,41.769657135009766,350.76007080078125,118.0997085571289
image_0287.jpg,57.07063674926758,37.90846633911133,348.4945068359375,120.6225357055664
image_0288.jpg,54.32963180541992,24.01071548461914,340.5121154785156,109.5130844116211
image_0288.jpg,21.89619827270508,0.0,201.34616088867188,24.532838821411133
image_0288.jpg,24.822208404541016,0.0,152.82363891601562,26.065509796142575
image_0289.jpg,61.20182037353516,31.92306137084961,341.6430358886719,135.55140686035156
image_0289.jpg,280.3047180175781,1.1631898880004885,385.51568603515625,50.31782531738281
image_0289.jpg,8.0612211227417,0.0,79.59893035888672,11.44095230102539
image_0290.jpg,46.21829605102539,33.515193939208984,353.40447998046875,129.95237731933594
image_0291.jpg,62.39362716674805,29.09210205078125,352.3939514160156,126.68184661865234
image_0292.jpg,64.38011169433594,30.125568389892575,353.465576171875,121.57952117919922
image_0293.jpg,65.627685546875,31.315261840820312,352.8141174316406,122.6815414428711
image_0294.jpg,58.28743743896485,31.557445526123047,348.402099609375,131.39747619628906
image_0295.jpg,54.23775863647461,35.64103698730469,349.6187744140625,144.76812744140625
image_0296.jpg,65.62168884277344,39.536277770996094,356.8246459960937,143.03419494628906
image_0297.jpg,63.72697067260742,26.20521354675293,349.1786193847656,123.38681030273438
image_0297.jpg,241.77793884277344,0.0,374.2110595703125,36.2705078125
image_0298.jpg,62.43295669555664,36.1188850402832,363.5392456054688,124.37556457519533
image_0298.jpg,353.0044860839844,25.4799919128418,403.4797668457031,93.58881378173828
image_0298.jpg,64.5945053100586,34.02573013305664,186.2287139892578,69.08634185791016
image_0298.jpg,91.00074768066406,34.796634674072266,177.32415771484375,67.8404541015625
image_0298.jpg,15.576268196105955,32.62147521972656,184.6854248046875,68.82347106933594
image_0299.jpg,41.78792572021485,31.163469314575195,354.69293212890625,132.49481201171875
image_0299.jpg,220.39260864257807,0.0,412.7350463867188,41.610687255859375
image_0300.jpg,59.217247009277344,29.77500534057617,348.6649169921875,105.2310028076172
image_0301.jpg,37.06316375732422,26.38917732238769,343.75567626953125,139.62490844726562
image_0302.jpg,59.69663238525391,33.0461311340332,345.9064636230469,123.1679229736328
image_0302.jpg,93.202392578125,8.537181854248047,208.5602264404297,39.85017776489258
image_0302.jpg,94.7241439819336,8.841114044189453,243.60780334472656,46.54449081420898
image_0302.jpg,173.67918395996094,17.315372467041016,255.4115753173828,47.50476837158203
image_0303.jpg,49.23894500732422,33.63028335571289,335.95721435546875,135.69224548339844
image_0304.jpg,64.94609832763672,56.25337219238281,351.2708435058594,160.8522491455078
image_0305.jpg,52.33271408081055,39.39686584472656,344.5336608886719,135.53392028808594
image_0306.jpg,35.872901916503906,8.908821105957031,343.8024597167969,134.7528533935547
image_0306.jpg,77.55957794189453,2.2173476219177246,191.0196228027344,53.184696197509766
image_0307.jpg,8.549175262451172,0.4396814703941345,345.2184753417969,114.57524871826172
image_0307.jpg,2.105490207672119,61.31581878662109,60.82750701904297,100.07967376708984
image_0308.jpg,50.95649719238281,26.143463134765625,344.91815185546875,101.86320495605467
image_0309.jpg,66.94007110595703,41.67242431640625,368.3648681640625,120.5583724975586
image_0309.jpg,0.1148646399378776,73.59257507324219,38.81469345092773,113.64787292480467
image_0310.jpg,44.565425872802734,36.26858901977539,344.67156982421875,127.14620208740234
image_0310.jpg,9.66295337677002,93.99002075195312,137.29344177246094,126.8614501953125
image_0311.jpg,59.89628601074219,35.14780044555664,349.4822692871094,127.43364715576172
image_0312.jpg,61.431617736816406,32.29852294921875,354.57257080078125,126.3675537109375
image_0313.jpg,38.05506134033203,26.932880401611328,339.9686279296875,122.60869598388672
image_0314.jpg,65.60823822021484,80.77735137939453,340.6876525878906,162.55599975585938
image_0315.jpg,29.33368682861328,30.47970962524414,345.93414306640625,153.73330688476562
image_0316.jpg,42.43595504760742,26.996788024902344,343.1543273925781,94.67794036865234
image_0317.jpg,33.96138381958008,29.9171199798584,341.0721435546875,98.81310272216795
image_0318.jpg,42.597164154052734,35.43536758422852,339.6675109863281,150.0360565185547
image_0319.jpg,50.60439300537109,27.13144302368164,342.63330078125,110.43742370605467
image_0320.jpg,71.92344665527344,42.68303680419922,376.3522644042969,149.58151245117188
image_0320.jpg,23.601472854614254,127.92198944091795,85.10504150390625,149.40499877929688
image_0321.jpg,49.39652633666992,27.263654708862305,344.5133361816406,120.86032104492188
image_0322.jpg,80.00215911865234,40.281585693359375,346.7701721191406,142.5076446533203
image_0323.jpg,64.62112426757812,56.65658950805664,352.6899719238281,124.8301773071289
image_0324.jpg,67.81676483154297,41.60651779174805,349.1964416503906,148.39132690429688
image_0325.jpg,65.68254089355469,33.06155776977539,348.71295166015625,132.51036071777344
image_0326.jpg,42.59104537963867,31.034988403320312,345.0336303710937,144.61009216308594
image_0327.jpg,48.0778923034668,27.164775848388672,342.6830444335937,111.27571105957033
image_0328.jpg,56.21092987060547,27.18244361877441,346.6588134765625,112.62136840820312
image_0329.jpg,48.90642929077149,27.1301326751709,350.92803955078125,120.69401550292967
image_0330.jpg,69.32926940917969,37.42335891723633,357.2557678222656,127.32353973388672
image_0331.jpg,69.52592468261719,40.447696685791016,346.9569396972656,144.93313598632812
image_0332.jpg,65.27667999267578,38.42813491821289,351.6716003417969,154.8858642578125
image_0333.jpg,50.30638885498047,27.65344619750977,348.22540283203125,126.65413665771484
image_0334.jpg,46.03649520874024,31.98862838745117,347.4880676269531,118.61676025390624
image_0335.jpg,49.28745651245117,12.751399993896484,355.2694396972656,111.29421997070312
image_0335.jpg,110.3720932006836,6.966813087463379,199.94955444335935,48.06541442871094
image_0335.jpg,206.8043212890625,2.169320821762085,296.7726745605469,54.20987319946289
image_0335.jpg,74.37079620361328,68.7303695678711,348.91339111328125,110.4725570678711
image_0336.jpg,14.600130081176758,29.493911743164062,346.84002685546875,116.15452575683594
image_0337.jpg,56.14915084838867,28.409889221191406,353.6478576660156,109.50946044921876
image_0337.jpg,74.71165466308594,70.23458099365234,347.65234375,112.69906616210938
image_0338.jpg,57.83196640014648,30.00211906433105,340.6435546875,132.9870147705078
image_0339.jpg,47.48245620727539,22.961673736572266,342.31622314453125,104.22943115234376
image_0340.jpg,53.098411560058594,31.203548431396484,346.4537658691406,112.16172790527344
image_0341.jpg,68.13494873046875,56.29733276367188,347.6865234375,117.32942199707033
image_0342.jpg,50.48774719238281,31.856101989746094,385.2453918457031,128.75775146484375
image_0342.jpg,239.22462463378903,30.655906677246094,289.44195556640625,53.08604431152344
image_0344.jpg,15.957143783569336,2.263650417327881,342.8104248046875,139.73204040527344
image_0345.jpg,4.500619888305664,0.5528712868690491,363.03558349609375,104.91756439208984
image_0346.jpg,50.50607681274414,21.88355255126953,339.6854553222656,112.65116119384766
image_0346.jpg,36.44755172729492,83.53031158447266,94.67869567871094,129.36947631835938
image_0347.jpg,57.4706916809082,35.01568603515625,348.41650390625,136.3806915283203
image_0348.jpg,52.162445068359375,27.54986000061035,352.74200439453125,109.8473892211914
image_0349.jpg,51.115379333496094,32.97340774536133,346.761474609375,112.05840301513672
image_0350.jpg,51.13991928100586,28.2738094329834,343.3316650390625,114.41657257080078
image_0351.jpg,62.13723373413086,37.7194709777832,345.794677734375,125.198486328125
image_0352.jpg,62.32115173339844,65.14188385009766,342.71783447265625,147.63262939453125
image_0353.jpg,62.03164291381836,33.95888900756836,355.980712890625,140.95260620117188
image_0354.jpg,56.37456893920898,35.689544677734375,347.927734375,140.05197143554688
image_0355.jpg,56.91265869140625,45.28278350830078,396.565673828125,135.89236450195312
image_0356.jpg,58.9262580871582,32.051971435546875,348.7043151855469,115.79388427734376
image_0357.jpg,50.79679489135742,25.29591560363769,339.88885498046875,101.5413055419922
image_0358.jpg,71.56501770019531,36.670997619628906,352.857177734375,138.69216918945312
image_0358.jpg,0.0099922539666295,94.20012664794922,76.55908966064453,133.39450073242188
image_0359.jpg,53.175628662109375,33.07387161254883,339.902099609375,125.92473602294922
image_0360.jpg,52.64190673828125,29.5504093170166,353.4584045410156,108.54674530029295
image_0361.jpg,50.75453186035156,35.02894973754883,345.9555969238281,144.5168914794922
image_0361.jpg,366.174560546875,102.59239196777344,405.7770080566406,139.89385986328125
image_0362.jpg,59.8018684387207,31.748640060424805,356.0758972167969,119.60419464111328
image_0363.jpg,56.1515007019043,31.43845558166504,341.1851501464844,117.25055694580078
image_0364.jpg,47.60508728027344,27.8856201171875,347.7196044921875,129.37518310546875
image_0365.jpg,56.21375274658203,32.46229553222656,341.8304748535156,107.3851547241211
image_0365.jpg,270.07086181640625,30.819358825683597,357.6430053710937,59.08182144165039
image_0366.jpg,12.1628999710083,31.90439796447754,362.16790771484375,134.70074462890625
image_0367.jpg,45.90248107910156,25.490947723388672,346.0650329589844,107.7411117553711
image_0367.jpg,299.41754150390625,14.878372192382812,388.4615783691406,50.74729537963867
image_0368.jpg,67.86018371582031,85.6434097290039,336.955078125,161.33535766601562
image_0369.jpg,62.935646057128906,25.881181716918945,339.6251220703125,127.46907806396484
image_0369.jpg,284.2184143066406,37.49610900878906,394.8241271972656,77.96528625488281
image_0369.jpg,285.1479187011719,38.650123596191406,395.0,66.26925659179688
image_0370.jpg,47.11244583129883,24.536521911621094,332.6170959472656,83.55009460449219
image_0371.jpg,49.03632354736328,26.384307861328125,347.8336486816406,128.09564208984375
image_0372.jpg,41.81923294067383,31.177122116088867,352.5205993652344,120.59777069091795
image_0373.jpg,62.40521240234375,30.95318984985352,346.8935852050781,104.56442260742188
image_0374.jpg,50.55189895629883,27.491151809692383,345.17828369140625,109.67579650878906
image_0375.jpg,54.94188690185547,25.939212799072266,348.1116943359375,108.95587921142578
image_0376.jpg,51.34333419799805,26.283920288085938,337.900390625,129.1106719970703
image_0377.jpg,70.28504943847656,81.04269409179688,350.40985107421875,157.98260498046875
image_0378.jpg,52.81962966918945,25.82162857055664,349.0369873046875,124.14835357666016
image_0378.jpg,61.081180572509766,26.23324966430664,144.03839111328125,85.79356384277344
image_0379.jpg,68.469482421875,36.47168731689453,358.9065856933594,148.6631622314453
image_0380.jpg,54.135215759277344,29.740684509277344,342.85015869140625,115.70800018310548
image_0381.jpg,52.50155258178711,30.48750877380371,349.0812683105469,116.751708984375
image_0382.jpg,58.43772506713867,27.667625427246094,350.5108947753906,113.99451446533205
image_0383.jpg,58.25874710083008,31.46808815002441,354.8228759765625,140.98446655273438
image_0384.jpg,57.47489547729492,29.39638900756836,348.8591003417969,120.16510772705078
image_0385.jpg,58.95596694946289,29.48748588562012,345.68896484375,136.43814086914062
image_0386.jpg,71.89361572265625,47.34424209594727,339.3243408203125,161.62193298339844
image_0387.jpg,56.926082611083984,31.85544204711914,343.82098388671875,129.55126953125
image_0388.jpg,50.62003707885742,28.99104881286621,343.019287109375,108.5584716796875
image_0389.jpg,53.53600311279297,27.876201629638672,348.2464294433594,120.1047821044922
image_0390.jpg,52.13252639770508,27.919395446777344,345.90972900390625,107.97622680664062
image_0391.jpg,58.230098724365234,33.16209030151367,358.353759765625,111.65300750732422
image_0392.jpg,61.42578887939453,34.85176086425781,347.5560913085937,139.27841186523438
image_0393.jpg,40.12860870361328,31.639915466308597,347.49267578125,138.234375
image_0394.jpg,55.56292724609375,27.8466911315918,348.9209289550781,125.17152404785156
image_0395.jpg,38.64847946166992,25.59385108947754,340.79412841796875,127.8399658203125
image_0396.jpg,62.98979568481445,32.04316329956055,360.1575622558594,132.31698608398438
image_0397.jpg,51.33123779296875,28.37559509277344,344.0534362792969,114.92860412597656
image_0398.jpg,57.53037643432617,31.10975456237793,351.2530517578125,125.32882690429688
image_0399.jpg,56.38068008422852,27.862035751342773,348.03662109375,123.18458557128906
image_0400.jpg,59.83188629150391,28.907032012939453,348.7345886230469,94.81617736816406
image_0401.jpg,51.99626541137695,24.65888786315918,345.8272399902344,94.93531799316406
image_0402.jpg,47.79106521606445,24.15498352050781,348.3053894042969,129.92112731933594
image_0403.jpg,45.222747802734375,24.12624740600586,342.27081298828125,120.91255950927734
image_0404.jpg,54.86151123046875,31.17346954345703,353.8798522949219,117.39324188232422
image_0405.jpg,48.3712272644043,32.81452178955078,402.6488342285156,144.7897186279297
image_0406.jpg,54.57122421264648,29.715450286865234,355.1881103515625,143.73873901367188
image_0407.jpg,73.99180603027344,72.48150634765625,345.4417724609375,163.23304748535156
image_0408.jpg,65.36373138427734,83.52841186523438,346.3555908203125,175.82081604003906
image_0409.jpg,65.52720642089844,79.96686553955078,346.57647705078125,158.99021911621094
image_0410.jpg,54.40055084228516,23.80541229248047,345.9866638183594,112.5471420288086
image_0411.jpg,57.615821838378906,26.37805557250977,352.0008544921875,91.54984283447266
image_0412.jpg,48.71287536621094,25.72718811035156,356.925537109375,122.76786041259766
image_0412.jpg,60.075927734375,24.349082946777344,129.91696166992188,80.6241455078125
image_0413.jpg,52.88589477539063,30.99591827392578,349.1156311035156,99.99964141845705
image_0414.jpg,62.29673767089844,33.90723419189453,354.8470153808594,120.68276977539062
image_0415.jpg,56.9348030090332,34.56788635253906,347.7297668457031,132.72825622558594
image_0416.jpg,63.50176239013672,30.27647018432617,346.8935241699219,121.03044891357422
image_0417.jpg,57.07716751098633,32.70909881591797,353.3197937011719,130.79713439941406
image_0418.jpg,65.22418212890625,40.89002990722656,371.9243774414063,146.3573760986328
image_0418.jpg,63.23754119873047,2.891765594482422,162.55418395996094,39.39444732666016
image_0418.jpg,299.7200012207031,0.0,394.5211791992188,16.39505958557129
image_0419.jpg,66.3231201171875,31.97738647460937,349.1689453125,120.54918670654295
image_0420.jpg,75.61707305908203,28.50735092163086,340.0179138183594,132.38729858398438
image_0421.jpg,56.05390930175781,28.93404960632324,344.10504150390625,136.7829132080078
image_0422.jpg,53.02942657470703,22.462800979614254,345.7662048339844,96.9444808959961
image_0423.jpg,58.46210479736328,30.82050895690918,353.41510009765625,138.03868103027344
image_0424.jpg,50.08212661743164,26.366565704345703,341.324951171875,99.99103546142578
image_0425.jpg,69.18949890136719,26.611156463623047,344.30963134765625,86.76233673095703
image_0426.jpg,52.13195037841797,26.80378532409668,345.4706115722656,129.1219024658203
image_0427.jpg,52.72060775756836,28.37718772888184,340.19561767578125,93.7885513305664
image_0428.jpg,49.03600692749024,29.790376663208008,346.4324645996094,114.93878936767578
image_0429.jpg,59.91658401489258,24.62114143371582,347.8881225585937,91.34791564941406
image_0429.jpg,58.6929931640625,25.755939483642575,162.3639373779297,74.03837585449219
image_0430.jpg,56.73934173583984,25.46015167236328,341.3183898925781,85.28279113769531
image_0431.jpg,45.42543411254883,33.78776931762695,348.2919616699219,143.65708923339844
image_0432.jpg,65.64881896972656,48.39800262451172,325.98004150390625,119.78961181640624
image_0433.jpg,46.6015625,21.44749641418457,345.6726379394531,73.78321838378906
image_0434.jpg,56.11027526855469,32.645870208740234,353.3098449707031,107.8139190673828
image_0435.jpg,53.29630661010742,30.108917236328125,343.330322265625,91.35648345947266
image_0436.jpg,51.62158203125,26.20062255859375,340.4382629394531,104.7376937866211
image_0436.jpg,100.8980712890625,53.31948852539063,345.7489929199219,103.14997100830078
image_0437.jpg,55.78897857666016,25.707727432250977,351.3517761230469,109.59588623046876
image_0438.jpg,56.14945983886719,30.554723739624023,338.4179382324219,116.36519622802734
image_0439.jpg,57.22187805175781,31.67289352416992,350.16131591796875,115.00213623046876
image_0440.jpg,54.30183410644531,26.86890411376953,350.75701904296875,111.05509948730467
image_0441.jpg,51.15777587890625,29.644081115722656,353.1752014160156,91.24649047851562
image_0442.jpg,52.27077102661133,31.219972610473636,157.08106994628906,77.97305297851562
image_0442.jpg,50.81534576416016,30.95380401611328,347.39166259765625,89.7811508178711
image_0443.jpg,48.92349624633789,28.32880973815918,347.6865234375,122.91024017333984
image_0444.jpg,43.10860061645508,27.352813720703125,340.5231628417969,95.58358001708984
image_0445.jpg,54.2894401550293,28.94411277770996,348.0711364746094,125.25425720214844
image_0446.jpg,54.259124755859375,28.096240997314453,354.9844055175781,104.83631896972656
image_0447.jpg,55.95529174804688,26.66232681274414,349.9169006347656,114.39252471923828
image_0448.jpg,53.7201042175293,28.56575965881348,405.4301452636719,95.65328216552734
image_0449.jpg,69.65038299560547,76.31531524658203,319.4261169433594,225.1342315673828
image_0450.jpg,62.47233200073242,41.67593765258789,364.0081787109375,134.9342041015625
image_0451.jpg,59.38247299194336,23.088218688964844,351.0592346191406,94.21105194091795
image_0452.jpg,69.7455825805664,93.11872863769533,346.8700256347656,142.09556579589844
image_0453.jpg,58.202919006347656,22.42329216003418,344.9981994628906,109.21656036376952
image_0453.jpg,152.39871215820312,22.19873809814453,242.29818725585935,70.69828033447266
image_0454.jpg,123.35166931152344,26.431781768798828,243.198974609375,77.78721618652344
image_0454.jpg,53.95809173583984,30.77811050415039,131.07086181640625,84.97088623046875
image_0454.jpg,53.08952331542969,28.31762313842773,328.985595703125,122.71353149414062
image_0455.jpg,47.22031021118164,26.276020050048828,347.0629577636719,115.2562255859375
image_0455.jpg,316.1653137207031,20.244129180908203,376.514404296875,65.05223846435547
image_0455.jpg,10.419424057006836,40.32062149047852,64.79387664794922,69.81661987304688
image_0455.jpg,143.03839111328125,24.818721771240234,256.03936767578125,54.55664443969727
image_0456.jpg,57.383583068847656,31.85145568847656,358.0986022949219,137.63357543945312
image_0456.jpg,118.35386657714844,10.736319541931152,225.6903533935547,52.54561233520508
image_0456.jpg,145.2697296142578,57.77496337890625,239.23052978515625,88.3892593383789
image_0457.jpg,33.40943908691406,21.947710037231445,348.9382019042969,103.8900146484375
image_0458.jpg,54.00783157348633,28.169448852539062,350.4679260253906,132.5689697265625
image_0459.jpg,55.6622200012207,25.27555274963379,342.0852355957031,113.87872314453124
image_0460.jpg,31.780736923217773,16.738950729370117,346.90057373046875,115.41522979736328
image_0461.jpg,62.96623611450195,25.983448028564453,348.2338562011719,99.12308502197266
image_0461.jpg,0.0596488937735557,12.7554349899292,43.547794342041016,70.36263275146484
image_0462.jpg,50.06832885742188,30.052839279174805,346.4971923828125,109.8077392578125
image_0462.jpg,151.9957733154297,33.097354888916016,273.0284118652344,69.6220474243164
image_0462.jpg,82.25691986083984,66.94337463378906,351.3031616210937,107.95548248291016
image_0463.jpg,56.33321380615234,40.88992691040039,352.0245666503906,115.09921264648438
image_0463.jpg,314.2197265625,23.179012298583984,410.890869140625,83.31649780273438
image_0463.jpg,313.585693359375,41.120243072509766,411.0,84.28064727783203
image_0464.jpg,31.36745834350586,34.599910736083984,344.09674072265625,135.96517944335938
image_0464.jpg,110.65032958984376,17.41263198852539,302.2872314453125,67.33078002929688
image_0465.jpg,69.50104522705078,29.215246200561523,342.9073486328125,117.7812271118164
image_0466.jpg,44.71685028076172,30.04111862182617,357.1586608886719,136.06253051757812
image_0467.jpg,3.908891677856445,25.850101470947266,346.5396423339844,124.16033172607422
image_0468.jpg,68.26802062988281,35.59934616088867,369.1614990234375,146.08120727539062
image_0469.jpg,42.46193313598633,25.405282974243164,342.3424377441406,116.56253814697266
image_0470.jpg,60.47966003417969,27.06385040283203,334.2535705566406,134.34909057617188
image_0471.jpg,54.951927185058594,24.31046867370605,343.8882141113281,99.2392578125
image_0472.jpg,44.821102142333984,31.660547256469727,350.1010437011719,124.96478271484376
image_0473.jpg,63.06700897216797,64.81082916259766,347.58074951171875,125.1990966796875
image_0474.jpg,47.55461502075195,25.403114318847656,339.53204345703125,119.75621795654295
image_0475.jpg,61.37149810791016,72.9285888671875,327.1219482421875,159.9099578857422
image_0476.jpg,76.0093765258789,76.14635467529297,346.2036437988281,146.9324951171875
image_0477.jpg,52.51470947265625,31.836000442504883,344.18218994140625,138.30287170410156
image_0478.jpg,73.79847717285156,28.678634643554688,331.6228942871094,134.20423889160156
image_0479.jpg,65.12281799316406,37.85457611083984,362.0505981445313,116.53564453125
image_0480.jpg,43.16667556762695,26.685434341430664,349.856689453125,119.61412811279295
image_0481.jpg,45.94235229492188,25.706714630126957,348.7023620605469,129.83285522460938
image_0482.jpg,60.098514556884766,25.40580940246582,343.4213562011719,132.32098388671875
image_0483.jpg,55.003456115722656,27.62567138671875,340.64947509765625,138.9203643798828
image_0484.jpg,68.7895736694336,74.70348358154297,350.3028564453125,137.85662841796875
image_0485.jpg,51.68431854248047,25.96741485595703,342.5565490722656,132.8339080810547
image_0486.jpg,57.62278747558594,52.21711349487305,341.74658203125,118.77565002441406
image_0487.jpg,50.81256866455078,25.19991683959961,336.5059509277344,116.62850952148438
image_0488.jpg,61.4345703125,34.26233673095703,355.2738037109375,143.7066192626953
image_0489.jpg,55.13409805297852,30.235748291015625,351.91802978515625,129.458740234375
image_0490.jpg,56.59716796875,23.52901268005371,347.64080810546875,129.73245239257812
image_0491.jpg,57.360816955566406,29.45355033874512,341.81842041015625,130.6434326171875
image_0492.jpg,54.96788024902344,24.59903717041016,345.08367919921875,102.96467590332033
image_0493.jpg,48.439918518066406,20.58153915405273,347.2558288574219,81.81366729736328
image_0494.jpg,57.61894989013672,31.096147537231445,352.38922119140625,126.75934600830078
image_0494.jpg,273.70556640625,18.3336181640625,345.8607177734375,41.16650772094727
image_0495.jpg,73.68003845214844,31.215185165405277,347.1529235839844,137.03497314453125
image_0496.jpg,58.89888000488281,23.769641876220703,344.2745666503906,125.2125244140625
image_0496.jpg,206.7019195556641,44.53185272216797,256.2965393066406,61.64093399047852
image_0497.jpg,50.93122482299805,19.275184631347656,366.2308349609375,112.50365447998048
image_0497.jpg,226.2133026123047,12.518560409545898,297.1815185546875,71.87125396728516
image_0497.jpg,351.7391052246094,61.370487213134766,375.2330932617188,81.4062728881836
image_0498.jpg,50.773468017578125,27.50002861022949,343.8141174316406,113.9011459350586
image_0498.jpg,315.2870788574219,12.727556228637695,382.6553955078125,31.927913665771484
image_0499.jpg,71.15509033203125,25.84804916381836,345.4947204589844,132.9218292236328
image_0500.jpg,56.46208953857422,25.03868293762207,348.45147705078125,109.4129409790039
image_0501.jpg,52.08198547363281,24.97981071472168,349.212646484375,122.08226013183594
image_0502.jpg,51.15111541748047,25.312278747558597,344.7281494140625,118.50347900390624
image_0503.jpg,62.5743408203125,29.53360748291016,352.6651611328125,121.11949157714844
image_0503.jpg,110.01310729980467,3.296314001083374,351.8322448730469,74.81385803222656
image_0503.jpg,363.0520935058594,15.65175437927246,406.87255859375,25.371559143066406
image_0504.jpg,53.16680908203125,24.797176361083984,356.2333068847656,112.13436126708984
image_0504.jpg,331.12774658203125,43.35769271850586,396.7570495605469,89.4195785522461
image_0505.jpg,40.33481597900391,23.70421028137207,343.8843994140625,108.5468521118164
image_0506.jpg,54.321266174316406,28.39112091064453,343.7457275390625,109.61019897460938
image_0507.jpg,52.14335250854492,20.58794403076172,348.0043334960937,102.34197998046876
image_0507.jpg,332.0242004394531,23.61404228210449,364.339111328125,51.50858688354492
image_0508.jpg,65.54446411132812,27.27786636352539,344.9727783203125,128.36947631835938
image_0509.jpg,74.18113708496094,27.67989158630371,343.2735900878906,120.28704833984376
image_0510.jpg,43.534217834472656,30.361417770385746,351.5959167480469,123.24020385742188
image_0511.jpg,53.59090805053711,26.59703254699707,348.0751342773437,133.06976318359375
image_0512.jpg,56.06455993652344,30.788747787475582,353.9147644042969,144.5543975830078
image_0513.jpg,49.214969635009766,29.08524703979492,349.6960754394531,119.90628814697266
image_0514.jpg,49.33839797973633,23.501893997192383,361.5405578613281,93.6270980834961
image_0515.jpg,47.460845947265625,23.05970001220703,344.0454406738281,108.44499206542967
image_0516.jpg,48.88947677612305,24.48809051513672,343.71014404296875,109.77157592773438
image_0517.jpg,38.77356719970703,25.28816032409668,352.4019470214844,111.86598205566406
image_0518.jpg,52.713356018066406,25.500452041625977,342.0819091796875,110.41365814208984
image_0519.jpg,49.62564849853516,25.25205612182617,339.1820068359375,113.2440948486328
image_0520.jpg,48.21195602416992,22.876049041748047,348.28424072265625,108.35819244384766
image_0521.jpg,70.60114288330078,26.699047088623047,348.1752014160156,130.48074340820312
image_0522.jpg,50.068153381347656,24.696346282958984,350.0061950683594,118.6201400756836
image_0522.jpg,38.91388702392578,87.23670196533203,90.51429748535156,113.5736083984375
image_0523.jpg,55.42422103881836,26.4107666015625,351.8795471191406,121.3978042602539
image_0524.jpg,55.51023483276367,29.47578430175781,347.588134765625,133.84706115722656
image_0525.jpg,54.43463516235352,26.710512161254883,347.5162048339844,112.48113250732422
image_0526.jpg,50.09136199951172,25.036029815673828,346.6941833496094,111.83438873291016
image_0527.jpg,24.65768814086914,15.528897285461426,345.7338562011719,112.91470336914062
image_0528.jpg,49.58792495727539,25.60664939880371,341.2272644042969,116.0087661743164
image_0529.jpg,60.70425796508789,30.203872680664062,351.5244140625,126.19644927978516
image_0529.jpg,311.2396850585937,24.395381927490234,402.800048828125,88.86624145507812
image_0530.jpg,46.95220947265625,23.86411476135254,340.7754821777344,125.23255920410156
image_0531.jpg,37.27023315429688,29.469165802001957,346.15966796875,128.34426879882812
image_0532.jpg,47.3223876953125,23.55758285522461,340.9052429199219,121.92874145507812
image_0533.jpg,49.864234924316406,25.499656677246094,340.21368408203125,123.65890502929688
image_0534.jpg,47.45472717285156,20.82774353027344,349.4559326171875,96.06250762939452
image_0535.jpg,79.45519256591797,23.829383850097656,338.56256103515625,129.54222106933594
image_0536.jpg,51.020164489746094,24.09809112548828,342.2611999511719,114.29217529296876
image_0537.jpg,59.51280975341797,32.2359619140625,349.6658020019531,129.03358459472656
image_0538.jpg,49.45219802856445,23.85548973083496,336.5324401855469,116.0525894165039
image_0539.jpg,47.73476028442383,29.19566345214844,338.4549865722656,122.51724243164062
image_0540.jpg,51.08520126342773,40.32263946533203,327.2105407714844,156.33746337890625
image_0541.jpg,34.383392333984375,26.332321166992188,343.2752380371094,121.43761444091795
image_0541.jpg,28.266712188720703,25.51203346252441,236.779541015625,74.36885070800781
image_0541.jpg,34.081111907958984,25.66227912902832,261.6220397949219,113.35092163085938
image_0542.jpg,45.60382461547852,23.5078125,349.84393310546875,107.68321990966795
image_0543.jpg,48.9642448425293,29.25696563720703,343.8894348144531,117.41079711914062
image_0544.jpg,47.09088134765625,23.081636428833008,343.5893249511719,102.96832275390624
image_0545.jpg,45.86862564086914,26.820114135742188,353.7151794433594,122.64942169189452
image_0546.jpg,38.99722671508789,24.253475189208984,345.3773193359375,107.03111267089844
image_0547.jpg,47.86842346191406,24.10663604736328,353.7756042480469,118.88770294189452
image_0548.jpg,49.09537506103516,25.111421585083008,361.7459411621094,104.9642333984375
image_0548.jpg,52.31748962402344,62.2168197631836,345.578369140625,103.40821075439452
image_0549.jpg,33.89543533325195,26.39889144897461,349.8714904785156,111.40464782714844
image_0550.jpg,48.808441162109375,21.51704216003418,347.52203369140625,104.37498474121094
image_0551.jpg,47.02327728271485,23.75289726257324,340.0445251464844,96.38101196289062
image_0551.jpg,47.37418746948242,24.17485809326172,192.2644500732422,79.58734893798828
image_0552.jpg,52.6888427734375,25.33037757873535,357.11700439453125,100.72649383544922
image_0553.jpg,55.39391326904297,38.32186508178711,342.2975769042969,188.0325927734375
image_0554.jpg,75.15485382080078,40.47227096557617,349.45831298828125,142.68699645996094
image_0555.jpg,55.78229904174805,39.09870910644531,351.2161560058594,153.7449188232422
image_0556.jpg,49.44213485717773,24.10019874572754,346.5898742675781,112.88175201416016
image_0556.jpg,156.5912322998047,11.781899452209473,312.6419982910156,40.78057098388672
image_0557.jpg,52.05955505371094,32.71125411987305,398.597900390625,126.17619323730467
image_0558.jpg,94.91678619384766,41.12239074707031,349.1024780273437,123.38395690917967
image_0559.jpg,47.869415283203125,0.0,344.3522033691406,120.4015884399414
image_0560.jpg,50.1567268371582,27.79583549499512,345.6542663574219,134.45867919921875
image_0561.jpg,55.38013458251953,25.42247200012207,345.6319580078125,113.9502410888672
image_0562.jpg,56.39146423339844,32.77648162841797,353.4772644042969,154.42750549316406
image_0563.jpg,87.24314880371094,28.910266876220703,345.9164428710937,112.44330596923828
image_0564.jpg,70.42486572265625,36.78595352172852,356.06329345703125,166.61605834960938
image_0565.jpg,57.37006759643555,31.09762954711914,349.8830261230469,105.58859252929688
image_0566.jpg,51.10052108764648,26.97599220275879,343.2214050292969,107.95496368408205
image_0567.jpg,69.72435760498047,30.24432182312012,347.212890625,117.48755645751952
image_0568.jpg,61.66469955444336,34.05594253540039,354.5101623535156,158.8491973876953
image_0569.jpg,62.16946029663086,33.429378509521484,351.59869384765625,171.78900146484375
image_0570.jpg,66.04889678955078,37.98963928222656,358.8913879394531,171.28184509277344
image_0571.jpg,55.203704833984375,27.37699508666992,348.855712890625,107.89529418945312
image_0572.jpg,51.238548278808594,23.13858985900879,349.7251281738281,111.05362701416016
image_0573.jpg,49.14410400390625,25.89728164672852,343.88916015625,112.34542846679688
image_0574.jpg,49.51376724243164,25.509017944335938,343.92047119140625,124.7267837524414
image_0575.jpg,52.732547760009766,22.052169799804688,346.126953125,112.18811798095705
image_0576.jpg,51.81437683105469,20.90678024291992,345.7720642089844,108.24561309814452
image_0577.jpg,53.7506217956543,25.784387588500977,352.5162353515625,118.305419921875
image_0578.jpg,63.2513427734375,36.58005142211914,358.24566650390625,155.0066375732422
image_0579.jpg,50.42012786865234,26.66322326660156,350.88543701171875,85.68601989746094
image_0580.jpg,52.379276275634766,30.847583770751957,350.8427734375,118.80215454101562
image_0581.jpg,50.39354705810547,26.15888786315918,347.4429626464844,94.30463409423828
image_0582.jpg,53.38834381103516,28.8957633972168,345.7515563964844,108.9446792602539
image_0583.jpg,53.881134033203125,23.556543350219727,353.8577575683594,111.4809341430664
image_0584.jpg,79.82620239257812,30.9160270690918,357.11944580078125,98.58079528808594
image_0584.jpg,58.58205032348633,29.399593353271484,106.06815338134766,51.1380615234375
image_0585.jpg,50.13005447387695,25.19028663635254,349.5843200683594,116.84707641601562
image_0586.jpg,53.66671371459961,24.520641326904297,342.8076171875,121.4147491455078
image_0587.jpg,56.51788330078125,23.32361602783203,353.01416015625,106.0894546508789
image_0588.jpg,48.985618591308594,25.651241302490234,348.14337158203125,114.18499755859376
image_0589.jpg,52.36165618896485,26.227558135986328,343.7796936035156,126.7500991821289
image_0590.jpg,53.73617935180664,28.422462463378903,349.26531982421875,120.38748168945312
image_0591.jpg,55.2193489074707,23.526269912719727,349.69171142578125,110.69833374023438
image_0592.jpg,49.00833511352539,25.2631778717041,344.6330871582031,117.374755859375
image_0593.jpg,52.17130279541016,27.55803871154785,355.7431640625,119.00556182861328
image_0594.jpg,48.665489196777344,26.703346252441406,349.55047607421875,117.46651458740234
image_0595.jpg,57.47718811035156,27.706737518310547,347.06134033203125,130.2346649169922
image_0596.jpg,55.090370178222656,24.167787551879883,341.712158203125,103.5202407836914
image_0597.jpg,58.0953254699707,33.2939338684082,347.3254089355469,134.63211059570312
image_0598.jpg,50.133583068847656,26.33646583557129,353.5476989746094,112.7715072631836
image_0599.jpg,51.48236846923828,24.085166931152344,348.6077575683594,93.97222137451172
image_0600.jpg,55.77130126953125,30.17013931274414,346.365966796875,117.83243560791016
image_0601.jpg,54.92447662353516,26.64962577819824,351.9758605957031,103.87295532226562
image_0602.jpg,58.93643951416016,32.618927001953125,360.5583190917969,129.15365600585938
image_0603.jpg,51.41162109375,28.079683303833008,350.46246337890625,109.25125122070312
image_0604.jpg,54.66880798339844,28.609621047973636,350.64715576171875,117.92063903808594
image_0605.jpg,52.6220703125,23.4599723815918,351.06085205078125,107.1833038330078
image_0606.jpg,61.80974578857422,31.36732292175293,348.09869384765625,102.70574188232422
image_0606.jpg,104.42485809326172,47.96282196044922,350.0302734375,102.5820083618164
image_0607.jpg,51.175880432128906,29.932756423950195,346.9024658203125,118.02364349365234
image_0608.jpg,48.89035415649414,33.80606460571289,346.291259765625,106.01514434814452
image_0609.jpg,49.57551193237305,25.13144302368164,346.40789794921875,107.84784698486328
image_0610.jpg,49.12504959106445,23.36739730834961,353.4446716308594,110.9129638671875
image_0611.jpg,27.9060115814209,1.749040603637695,340.7002258300781,107.296630859375
image_0612.jpg,59.09422302246094,31.234281539916992,349.6459045410156,103.0487060546875
image_0613.jpg,52.96091079711914,26.297517776489254,347.7418212890625,117.57931518554688
image_0614.jpg,59.76794052124024,66.88568878173828,344.5220642089844,135.234375
image_0615.jpg,83.58863067626953,31.267335891723636,347.7088623046875,121.4511947631836
image_0616.jpg,40.85206985473633,24.250682830810547,340.1991271972656,111.05939483642578
image_0617.jpg,65.25003814697266,26.59165573120117,343.2310791015625,124.19873046875
image_0618.jpg,84.17620086669922,67.79839324951172,340.9936828613281,135.7729034423828
image_0619.jpg,70.8956069946289,55.14324951171875,341.26324462890625,131.50466918945312
image_0620.jpg,47.88334655761719,36.89229202270508,344.1778564453125,120.6257553100586
image_0620.jpg,57.35617446899414,64.03767395019531,349.6036071777344,119.72262573242188
image_0621.jpg,56.78799057006836,72.42337799072266,326.6084289550781,155.16390991210938
image_0623.jpg,63.4964485168457,44.540184020996094,339.6271667480469,116.92491912841795
image_0624.jpg,47.55431365966797,19.64044952392578,340.492431640625,123.32406616210938
image_0625.jpg,49.130821228027344,24.747705459594727,344.9385070800781,110.12918090820312
image_0626.jpg,64.67501068115234,65.37432098388672,337.0166015625,127.53236389160156
image_0627.jpg,69.96446990966797,35.63870620727539,333.8448181152344,120.77810668945312
image_0628.jpg,63.48320007324219,30.20866584777832,345.2766418457031,115.7051010131836
image_0629.jpg,57.0268440246582,30.66734313964844,342.4781799316406,113.06443786621094
image_0630.jpg,53.24045181274414,29.84579849243164,346.0621643066406,135.0709991455078
image_0631.jpg,50.915164947509766,21.90683364868164,353.2814636230469,104.34910583496094
image_0632.jpg,59.30160903930664,41.28587341308594,343.5502624511719,99.00607299804688
image_0632.jpg,131.21018981933594,49.32162857055664,340.5373229980469,99.2596206665039
image_0633.jpg,57.08155822753906,33.34104537963867,348.1300354003906,133.8843994140625
image_0634.jpg,52.76118087768555,31.147178649902344,342.3867492675781,122.65269470214844
image_0635.jpg,51.97007751464844,29.251277923583984,347.1864318847656,111.0650634765625
image_0636.jpg,50.006717681884766,25.98189353942871,351.0570983886719,92.8887176513672
image_0637.jpg,50.50776290893555,26.63007354736328,356.9113464355469,120.01153564453124
image_0638.jpg,53.82771301269531,29.133020401000977,348.528076171875,140.89234924316406
image_0639.jpg,52.8803939819336,27.03257942199707,347.3755798339844,138.75689697265625
image_0640.jpg,49.46035385131836,22.511749267578125,346.50341796875,128.533447265625
image_0641.jpg,56.72965621948242,28.29161262512207,343.1255798339844,133.3693084716797
image_0642.jpg,48.474117279052734,29.078990936279297,346.4477844238281,118.95496368408205
image_0643.jpg,64.11894226074219,21.224437713623047,345.84674072265625,91.99150848388672
image_0644.jpg,47.019996643066406,29.52171516418457,344.6643371582031,140.02684020996094
image_0645.jpg,56.33950805664063,30.86163902282715,352.5841979980469,100.3124542236328
image_0646.jpg,57.10846328735352,32.596885681152344,343.4867248535156,145.904052734375
image_0647.jpg,53.82229232788086,35.69852066040039,353.3316650390625,151.31724548339844
image_0648.jpg,56.858882904052734,34.47239303588867,352.6880798339844,130.6905059814453
image_0649.jpg,62.83652114868164,33.301513671875,351.6520690917969,99.33317565917967
image_0650.jpg,55.08679962158203,31.664819717407227,346.6630859375,137.8887939453125
image_0651.jpg,65.8628921508789,30.43672561645508,347.7102966308594,110.98146057128906
image_0652.jpg,55.08677291870117,32.84065246582031,345.1238098144531,130.12908935546875
image_0653.jpg,48.02742004394531,28.64583969116211,340.7331848144531,110.9377899169922
image_0654.jpg,63.05700302124024,23.10004997253418,341.0708312988281,84.46727752685547
image_0655.jpg,42.67356491088867,34.99160385131836,349.0050964355469,156.7290802001953
image_0656.jpg,60.92610931396485,37.19374084472656,355.88623046875,175.63377380371094
image_0657.jpg,44.21122741699219,27.04740524291992,345.450927734375,136.310302734375
image_0657.jpg,18.88047218322754,0.0,126.36109161376952,70.34812927246094
image_0658.jpg,65.86023712158203,26.76447486877441,353.0616149902344,104.71061706542967
image_0658.jpg,284.1801452636719,0.0,377.3576049804688,17.433942794799805
image_0658.jpg,1.3315554857254028,0.0,192.53793334960935,42.073272705078125
image_0659.jpg,57.04198455810547,31.952402114868164,348.5257263183594,120.86840057373048
image_0660.jpg,50.37539291381836,27.508588790893555,341.1650390625,108.94898986816406
image_0661.jpg,51.38344955444336,27.30455207824707,355.3460693359375,112.69258880615234
image_0662.jpg,53.14447784423828,24.624399185180664,344.7127380371094,103.96745300292967
image_0663.jpg,51.86203002929688,25.23355484008789,343.2809143066406,128.2181396484375
image_0664.jpg,53.70723724365234,24.936901092529297,343.7248840332031,116.837646484375
image_0665.jpg,50.088165283203125,28.2880973815918,346.9931335449219,122.02642059326172
image_0666.jpg,49.621768951416016,25.374887466430664,349.71160888671875,130.2277374267578
image_0667.jpg,50.68645477294922,26.662092208862305,352.7108154296875,123.71514892578124
image_0668.jpg,51.97370147705078,27.928407669067383,343.8462829589844,120.96627807617188
image_0669.jpg,52.61864471435547,31.598901748657227,349.3021240234375,119.5735321044922
image_0670.jpg,49.977169036865234,29.312206268310547,342.6439208984375,123.98542022705078
image_0671.jpg,56.8799057006836,29.714021682739254,344.7345886230469,114.87792205810548
image_0672.jpg,51.3867301940918,23.231534957885746,343.32098388671875,112.08179473876952
image_0673.jpg,54.94361877441406,33.194522857666016,349.144287109375,132.4431610107422
image_0674.jpg,48.33399963378906,27.558717727661133,352.2159423828125,116.24922943115234
image_0674.jpg,48.0706901550293,26.213233947753903,166.97940063476562,72.34361267089844
image_0675.jpg,54.841575622558594,28.12276840209961,346.724853515625,114.08064270019533
image_0676.jpg,56.23786163330078,35.0401496887207,347.4349670410156,120.49601745605467
image_0677.jpg,51.08462905883789,26.400962829589844,340.2297668457031,129.72486877441406
image_0678.jpg,56.631004333496094,32.64776992797852,349.831787109375,138.0112762451172
image_0679.jpg,51.34031295776367,23.53242492675781,344.2059326171875,111.87740325927734
image_0680.jpg,53.68505859375,24.905967712402344,345.5751342773437,112.2224578857422
image_0681.jpg,105.16520690917967,28.406394958496094,344.6839904785156,107.14067840576172
image_0681.jpg,49.722747802734375,25.2131290435791,116.91697692871094,75.03346252441406
image_0682.jpg,58.882423400878906,29.351377487182617,358.5715026855469,139.4980926513672
image_0683.jpg,50.33399200439453,26.981884002685547,350.2100524902344,107.4668960571289
image_0684.jpg,55.9075927734375,29.6635684967041,352.3344116210937,126.1725082397461
image_0685.jpg,53.28197860717773,26.205232620239254,347.64215087890625,120.11042022705078
image_0686.jpg,55.714576721191406,26.453920364379883,347.7973937988281,130.02178955078125
image_0687.jpg,54.03370666503906,27.667407989501957,350.23297119140625,126.9145736694336
image_0688.jpg,51.12355041503906,24.703197479248047,343.35943603515625,109.60820770263672
image_0689.jpg,53.51537322998047,24.62675666809082,344.0230712890625,118.15045928955078
image_0690.jpg,53.543094635009766,32.70241165161133,346.09576416015625,148.82421875
image_0691.jpg,52.14827346801758,25.089649200439453,338.2530517578125,112.0736846923828
image_0692.jpg,55.47004318237305,22.32322883605957,339.96588134765625,102.29888916015624
image_0693.jpg,56.57100677490234,25.48030662536621,342.09625244140625,101.6120147705078
image_0694.jpg,50.87160873413086,26.893835067749023,349.465087890625,120.62101745605467
image_0695.jpg,48.28018569946289,24.54269790649414,341.8932189941406,114.3545379638672
image_0695.jpg,144.22622680664062,24.982500076293945,226.95611572265625,53.36972427368164
image_0696.jpg,57.92850875854492,25.99712181091309,345.932861328125,114.4214859008789
image_0697.jpg,53.98120880126953,29.268388748168945,355.45709228515625,114.9031982421875
image_0698.jpg,51.46026611328125,27.62754440307617,340.942626953125,125.58694458007812
image_0699.jpg,51.76118850708008,20.41730690002441,348.5658569335937,115.1635284423828
image_0700.jpg,48.44079208374024,25.694610595703125,353.3217468261719,120.98230743408205
image_0701.jpg,50.69615936279297,23.457460403442383,348.1547241210937,120.02251434326172
image_0702.jpg,66.23342895507812,40.409706115722656,355.0779113769531,129.65023803710938
image_0703.jpg,59.73418045043945,35.789695739746094,354.06024169921875,134.10623168945312
image_0704.jpg,52.14449691772461,28.59608268737793,346.117431640625,135.1964569091797
image_0705.jpg,51.89850234985352,24.9226131439209,346.8735656738281,110.77959442138672
image_0706.jpg,60.362735748291016,33.03703689575195,348.6377868652344,129.84912109375
image_0707.jpg,60.81501388549805,33.143184661865234,354.9642028808594,134.38070678710938
image_0708.jpg,51.47525787353516,28.771154403686523,349.79547119140625,124.04103088378906
image_0709.jpg,51.47138214111328,26.729883193969727,342.88525390625,117.2529754638672
image_0709.jpg,50.69744491577149,64.30769348144531,159.52337646484375,99.13453674316406
image_0710.jpg,50.19291687011719,37.66030883789063,345.9466857910156,141.19097900390625
image_0711.jpg,56.0992317199707,33.4062614440918,347.5055847167969,110.21292877197266
image_0712.jpg,49.7893180847168,23.592273712158203,346.33404541015625,119.73765563964844
image_0713.jpg,51.72352981567383,30.97381591796875,345.27703857421875,150.42718505859375
image_0714.jpg,46.02460861206055,25.21247673034668,349.5694274902344,112.54508972167967
image_0715.jpg,43.88788604736328,28.067035675048828,345.0104675292969,140.9169921875
image_0715.jpg,330.6640014648437,25.73804473876953,381.0650329589844,66.13675689697266
image_0716.jpg,47.46422958374024,21.927446365356445,338.2173156738281,87.23812103271484
image_0717.jpg,52.71442413330078,24.072757720947266,360.7268371582031,122.90446472167967
image_0718.jpg,52.37907028198242,24.77230453491211,342.77264404296875,111.18893432617188
image_0719.jpg,52.350830078125,25.702970504760746,344.8905334472656,116.99888610839844
image_0720.jpg,52.23305130004883,31.424388885498047,347.9320373535156,103.66302490234376
image_0721.jpg,46.7172966003418,27.185565948486328,342.8486022949219,111.32412719726562
image_0722.jpg,54.64666748046875,30.636449813842773,345.69158935546875,136.16844177246094
image_0723.jpg,51.8515739440918,30.37902069091797,341.55731201171875,140.83216857910156
image_0724.jpg,45.72399139404297,27.14849853515625,348.603515625,117.27762603759766
image_0724.jpg,194.3397216796875,25.06490707397461,330.1324462890625,75.7831039428711
image_0724.jpg,55.69940185546875,118.31827545166016,101.44603729248048,148.0
image_0725.jpg,56.818939208984375,24.14455986022949,339.06719970703125,118.61292266845705
image_0725.jpg,172.22964477539062,23.04572105407715,264.9211120605469,56.663692474365234
image_0726.jpg,50.46597671508789,31.71564292907715,353.6734924316406,113.10017395019533
image_0727.jpg,51.42314529418945,31.970516204833984,343.0595092773437,104.1353759765625
image_0727.jpg,89.92215728759766,64.5148696899414,346.6411437988281,101.45563507080078
image_0728.jpg,52.79840469360352,30.252050399780277,341.722412109375,128.68836975097656
image_0729.jpg,55.10537338256836,32.49053955078125,369.2615661621094,132.7350616455078
image_0729.jpg,299.2048034667969,119.5205307006836,399.79388427734375,162.87803649902344
image_0730.jpg,49.293739318847656,26.301631927490234,345.63775634765625,121.36427307128906
image_0731.jpg,49.978702545166016,27.89837074279785,339.9832458496094,105.1423110961914
image_0732.jpg,53.166725158691406,28.86700820922852,344.3719177246094,106.63738250732422
image_0732.jpg,53.26273727416992,60.21832656860352,347.5230712890625,102.94409942626952
image_0732.jpg,51.75117874145508,29.49148941040039,119.9069595336914,76.32708740234375
image_0733.jpg,52.92009353637695,34.71866607666016,352.5764465332031,146.31423950195312
image_0734.jpg,47.15848922729492,22.77412986755371,346.8353271484375,87.73158264160156
image_0735.jpg,54.59846496582031,26.727724075317383,345.0193176269531,111.8661880493164
image_0736.jpg,51.534793853759766,26.035593032836918,345.92022705078125,105.37313079833984
image_0737.jpg,38.98189163208008,24.749622344970703,355.1507873535156,77.14617156982422
image_0738.jpg,50.6020736694336,32.37559509277344,345.3248596191406,117.02312469482422
image_0738.jpg,43.93321990966797,66.69554138183594,349.7315979003906,117.68815612792967
image_0738.jpg,372.6022338867188,16.628437042236328,399.8551940917969,70.44844055175781
image_0739.jpg,37.39230346679688,27.476476669311523,369.720947265625,139.22421264648438
image_0739.jpg,78.40711975097656,30.338985443115234,278.0738830566406,91.70233154296876
image_0740.jpg,55.44100570678711,32.58285140991211,365.4096984863281,114.52581787109376
image_0740.jpg,140.60911560058594,68.62027740478516,353.7472839355469,111.57241821289062
image_0741.jpg,48.80898666381836,24.804039001464844,350.0451354980469,94.08356475830078
image_0742.jpg,56.5277214050293,25.35508155822754,341.0776672363281,74.86029815673828
image_0743.jpg,56.20513534545898,36.881439208984375,354.6490783691406,143.43698120117188
image_0744.jpg,37.75204849243164,25.0078239440918,353.23638916015625,111.9092025756836
image_0745.jpg,51.94721221923828,28.693618774414062,342.2191772460937,112.12051391601562
image_0746.jpg,53.55976486206055,26.189165115356445,347.326904296875,106.76310729980467
image_0747.jpg,49.39572143554688,28.874399185180664,347.037109375,127.4316635131836
image_0748.jpg,69.27625274658203,40.88227844238281,357.4061279296875,165.80352783203125
image_0749.jpg,57.928470611572266,30.811983108520508,352.5329895019531,148.59327697753906
image_0750.jpg,52.981544494628906,28.9182071685791,345.95068359375,128.85984802246094
image_0751.jpg,52.05906295776367,31.90102767944336,345.96832275390625,137.29019165039062
image_0752.jpg,61.8629264831543,23.28924560546875,343.4530334472656,83.10968780517578
image_0753.jpg,65.67633819580078,42.3994026184082,381.4691467285156,131.9990692138672
image_0753.jpg,66.14602661132812,42.432411193847656,299.786865234375,125.0639190673828
image_0754.jpg,68.97978973388672,26.136890411376957,343.0025939941406,118.8631820678711
image_0755.jpg,54.58395385742188,30.7176513671875,393.0,136.28973388671875
image_0756.jpg,45.16063690185547,28.5229606628418,342.05419921875,119.26433563232422
image_0757.jpg,49.736602783203125,24.911182403564453,342.1077880859375,126.7216796875
image_0758.jpg,46.3629264831543,23.450115203857425,353.0727233886719,118.15605926513672
image_0759.jpg,41.03117370605469,25.956348419189453,347.85235595703125,132.9513397216797
image_0760.jpg,34.983619689941406,27.95982551574707,344.5888366699219,142.2689666748047
image_0760.jpg,216.5893402099609,64.01557922363281,302.60565185546875,87.11561584472656
image_0760.jpg,267.0618896484375,64.41605377197266,302.8505249023437,78.71160888671875
image_0761.jpg,50.1715087890625,25.853496551513672,345.4882507324219,102.09606170654295
image_0762.jpg,50.95745086669922,25.34271049499512,343.1776733398437,104.23737335205078
image_0763.jpg,48.35568618774414,26.21098518371582,338.66632080078125,116.76148986816406
image_0764.jpg,53.34681701660156,23.81905746459961,347.5314025878906,112.20452117919922
image_0765.jpg,52.512977600097656,26.31021499633789,357.6553955078125,97.0523452758789
image_0766.jpg,60.24102783203125,23.676029205322266,344.8057556152344,108.80854034423828
image_0767.jpg,32.865657806396484,25.691600799560547,342.8404235839844,125.47531127929688
image_0768.jpg,55.13288497924805,28.200441360473636,338.7076110839844,131.6746063232422
image_0769.jpg,33.0180549621582,26.544191360473636,332.9420166015625,139.98870849609375
image_0770.jpg,52.43276977539063,17.943466186523438,345.506591796875,145.78904724121094
image_0770.jpg,53.24057388305664,79.16224670410156,349.41131591796875,145.1760711669922
image_0771.jpg,47.29502868652344,27.393287658691406,341.48638916015625,135.20611572265625
image_0772.jpg,35.77215576171875,24.711971282958984,342.4710998535156,106.73554229736328
image_0773.jpg,57.089454650878906,25.26422691345215,350.21405029296875,100.41020965576172
image_0774.jpg,58.19573211669922,54.91452026367188,345.9979553222656,112.98429870605467
image_0775.jpg,61.20433807373047,27.374391555786133,342.3188781738281,112.77886199951172
image_0776.jpg,50.43398284912109,24.482885360717773,353.586181640625,121.9865493774414
image_0777.jpg,69.01983642578125,37.241172790527344,355.4130249023437,144.81295776367188
image_0778.jpg,51.94802474975586,24.80049705505371,344.42779541015625,112.27313995361328
image_0779.jpg,47.79252624511719,26.806032180786133,338.4887390136719,115.07829284667967
image_0780.jpg,72.34363555908203,17.995075225830078,352.4231872558594,128.93190002441406
image_0780.jpg,256.7114562988281,21.829248428344727,316.5567321777344,59.51604080200195
image_0780.jpg,159.1571044921875,40.14527893066406,261.2414245605469,73.35401916503906
image_0781.jpg,65.06236267089844,24.29161834716797,358.4832458496094,153.15023803710938
image_0781.jpg,205.52476501464844,4.006343364715576,436.43060302734375,107.63079833984376
image_0782.jpg,48.74565124511719,27.456073760986328,341.732421875,120.82904052734376
image_0782.jpg,88.794189453125,4.656944274902344,246.7862091064453,51.35820388793945
image_0783.jpg,46.67364501953125,27.331409454345703,351.4919738769531,117.4688491821289
image_0784.jpg,55.752777099609375,27.91661262512207,349.5185546875,115.88506317138672
image_0785.jpg,37.1848030090332,31.980920791625977,338.5613708496094,143.7399444580078
image_0786.jpg,50.06259536743164,27.68993759155273,345.8754272460937,108.9845733642578
image_0787.jpg,74.0070571899414,32.36040115356445,344.1788635253906,88.38818359375
image_0788.jpg,52.69305038452149,25.39773368835449,345.4511108398437,121.20622253417967
image_0789.jpg,52.45403671264648,28.72393798828125,346.7552490234375,115.9701690673828
image_0790.jpg,57.96846771240234,31.38563346862793,344.5474853515625,102.84622192382812
image_0791.jpg,58.64627456665039,33.66416549682617,350.0165405273437,152.1033935546875
image_0792.jpg,52.033782958984375,26.909887313842773,345.9619445800781,115.54279327392578
image_0793.jpg,51.532859802246094,23.59196662902832,347.41241455078125,112.6743621826172
image_0794.jpg,53.35630798339844,25.211692810058597,352.98590087890625,96.38690948486328
image_0795.jpg,56.70845031738281,33.07903289794922,351.90057373046875,143.63624572753906
image_0796.jpg,56.16866302490234,26.410415649414062,353.1180114746094,116.4460906982422
image_0797.jpg,54.087886810302734,24.772876739501957,349.6669616699219,112.17543029785156
image_0798.jpg,55.7546272277832,23.61014938354492,352.83062744140625,109.84880065917967
image_0799.jpg,49.50445938110352,25.33849334716797,342.8143615722656,114.5735092163086
image_0800.jpg,52.294960021972656,25.53203582763672,347.22149658203125,108.95331573486328
image_0022.jpg,50.57142857142858,30.306122448979597,343.1734693877551,129.5408163265306
image_0074.jpg,49.42620865139949,25.07760814249364,347.89949109414755,98.36005089058524
image_0074.jpg,297.010672886627,-7.105427357601002e-15,385.55852417302793,63.75445292620865
image_0098.jpg,51.33673469387755,31.316326530612244,342.40816326530614,163.20408163265304
image_0119.jpg,46.76142131979696,7.60659898477158,335.5939086294416,96.43908629441626
image_0149.jpg,53.62694300518135,32.45854922279791,348.18652849740937,125.20466321243522
image_0253.jpg,44.59160305343512,32.961832061068705,343.06488549618314,125.07379134860052
image_0254.jpg,47.14935064935064,59.27272727272727,350.0064935064935,185.5064935064935
image_0262.jpg,76.25862068965515,81.48275862068964,322.235632183908,414.81609195402297
image_0343.jpg,58.03124999999998,24.010416666666664,349.1770833333333,108.64583333333334
image_0622.jpg,63.25606469002694,56.89353099730458,354.0916442048518,119.42722371967652